06-08-2025,02:02 PM,Not Smiling
06-08-2025,02:02 PM,Not Smiling
06-08-2025,02:02 PM,Not Smiling
06-08-2025,02:03 PM,Not Smiling
06-08-2025,02:03 PM,Not Smiling
06-08-2025,02:04 PM,Not Smiling
06-08-2025,02:04 PM,Not Smiling
06-08-2025,02:04 PM,Not Smiling
06-08-2025,02:04 PM,Not Smiling
06-08-2025,02:04 PM,Not Smiling
06-08-2025,02:05 PM,Not Smiling
06-08-2025,02:05 PM,Not Smiling
06-08-2025,02:05 PM,Not Smiling
06-08-2025,02:05 PM,Not Smiling
06-08-2025,02:06 PM,Not Smiling
06-08-2025,02:06 PM,Not Smiling
06-08-2025,02:06 PM,Not Smiling
06-08-2025,02:06 PM,Not Smiling
06-08-2025,02:15 PM,Not Smiling
06-08-2025,02:16 PM,Not Smiling
06-08-2025,02:16 PM,Not Smiling
06-08-2025,02:16 PM,Not Smiling
06-08-2025,02:17 PM,Not Smiling
06-08-2025,02:18 PM,Not Smiling
06-08-2025,02:18 PM,Not Smiling
06-08-2025,02:18 PM,Not Smiling
06-08-2025,02:19 PM,Not Smiling
06-08-2025,02:19 PM,Not Smiling
06-08-2025,02:19 PM,Not Smiling
06-08-2025,02:33 PM,Not Smiling
06-08-2025,02:34 PM,Not Smiling
